image_file,description
./screenshots_output\screenshot_0000.png,"In this image, you can see an example of a Pokémon battle in Pokémon Red on the Game Boy.

The top left of the screen shows both trainers' names and their current Pokémon's name. The trainer who goes first is selected by which character appears at the bottom of the screen. The bottom left has buttons to select from the Pokémon team for the following turn, as well as an arrow to move up or down on the menu.

The top right of the screen shows both trainers' HP (Health Points) and their current Pokémon's HP. 

The bottom right shows the Pokémon itself with its HP displayed above it. The Pokémon will switch out automatically once its HP reaches 0, but if a trainer wants to change Pokémon earlier they can do so by selecting from their team using the menu buttons.

This is an example of how battles are represented in the game and what information players have access to during them."
./screenshots_output\screenshot_0001.png,"The image depicts a menu screen in the video game ""Pokémon Red,"" showcasing a selection of items that can be accessed using the arrow keys to navigate and the A button to select.

At the top of the screen, there are four options: **Potion**, **Razz Berry**, **Full Restore**, and **Revive**. Below this section is an empty area with no labels or buttons. The bottom portion of the image displays a small rectangle containing the text ""Options"" in italics.

The overall design of the menu screen is characterized by its simplicity and functionality, allowing players to easily navigate through their available options and select the desired items."
./screenshots_output\screenshot_0002.png,"The image depicts a trainer's inventory in Pokémon Red, showcasing a selection of items and Pokeballs.

In the top-left corner, five empty slots are visible. The first slot is occupied by an item labeled ""Poké Ball,"" while the second contains an item referred to as ""Super Repel."" 

Moving rightward, the third slot holds ""Potion,"" the fourth slot features a ""Great Ball,"" and the fifth slot contains another ""Super Repel.""

At the bottom of the screen, the text ""ARROW_DOWN, ARROW_RIGHT, ARROW_UP"" is displayed."
./screenshots_output\screenshot_0003.png,"The image showcases a selection of items, including Poké Balls and Potions, displayed in a row within the game Pokémon Red.

This inventory is likely situated on the bottom screen of the game's interface. The text ""ARROW_DOWN"" suggests that this screen can be navigated using the arrow keys on a Nintendo DS Lite, which would allow players to scroll through the items by pressing down."
./screenshots_output\screenshot_0004.png,"The screenshot displays a battle screen in Pokémon Red, featuring an opponent's party of three Pokémon. The top row shows the current team member's Pokémon, while the bottom row represents their opponents' Pokémon. The buttons on the left side of the screen indicate various menu options to choose from. The Pokémon names and types are displayed above each respective Pokémon, providing essential information for strategic decision-making during battle.

The opponent's party consists of a Charmander, a Nidorino, and a Rattata. These Pokémon have distinct strengths and weaknesses that can be leveraged by the player to gain an advantage in combat. The player must carefully select moves to counter their opponents' attacks and emerge victorious. The display also shows the current HP (Health Points) of each Pokémon, ensuring players are aware of their opponents' overall health status."
./screenshots_output\screenshot_0005.png,"This image appears to be a screenshot of an old-school video game, specifically Pokémon Red for the Game Boy. The top part of the image features three action buttons: ""ARROW_DOWN"", ""ARROW_UP"", and ""ARROW_LEFT"". These buttons are likely used for navigation purposes.

The bottom section of the screenshot is slightly blurry, but it appears to be a map or location within the game world. The text overlaying this area reads ""Actions:"", indicating that these actions are related to the character's movement or interactions with the environment.

Overall, the image suggests that the player is navigating through the game's world using the arrow buttons and can interact with their surroundings by performing various actions."
./screenshots_output\screenshot_0006.png,"This image appears to be a screenshot from Pokémon Red, showcasing an enemy battle against a Haunter. The player has selected the action of using an item called ""Poké Ball"" on this ghost-type opponent. The arrow keys appear to be active for navigation purposes. The player's current HP is not shown in this snapshot.

The scene depicts a dark cave setting, with several rocks and trees scattered around the area. A small stream runs through the center of the image, adding to the natural ambiance. Overall, the atmosphere is tense and suspenseful, as the player prepares to battle against the Haunter.

In terms of gameplay mechanics, the use of an item like ""Poké Ball"" suggests that the player has a limited number of resources available for battling. The arrow keys indicate that navigation will be important in this encounter, potentially allowing the player to move around the battlefield or avoid attacks."
./screenshots_output\screenshot_0007.png,"The image shows a portion of an old-school video game's text box, specifically Pokémon Red. The bottom of this text box contains the instruction ""Actions: ARROW_LEFT, ARROW_LEFT, ARROW_LEFT"" which implies that the player must use the arrow keys three times to progress through the game. This is likely part of a battle or other interaction within the game. 

The image does not contain any statistical data or information about Pokémon Red. It only shows a small portion of the game's text box and an action instruction for the player to follow."
./screenshots_output\screenshot_0008.png,"The screenshot shows a character using an item on their first Pokémon.

* The character has a Razz Berry in their inventory.
* They use it on their Pikachu, restoring its HP to full. 
* This is indicated by the green ""HP"" indicator filling up completely. 

This action allows the player's Pikachu to gain full health back."
./screenshots_output\screenshot_0009.png,"The image shows a black-and-white video game screen from Pokémon Red, featuring an arrow pointing downwards and two other arrows to its left and right. Below this, text reads: ""Actions. ARROW_UP, ARROW_LEFT, ARROW_RIGHT."" 

This indicates that the player can move their character using the directional pad or equivalent controls on their console."
./screenshots_output\screenshot_0010.png,"The image shows a section of the game menu for Pokémon Red, with the ""Actions"" option highlighted in bold. The player can choose to select either ""ARROW_UP"", ""ARROW_DOWN"", or ""ARROW_LEFT"" and ""ARROW_RIGHT"" to navigate through the menu.

**Menu Options:**

* **ARROW_UP**: Move up a line
* **ARROW_DOWN**: Move down a line
* **ARROW_LEFT**: Move left a character
* **ARROW_RIGHT**: Move right a character

**Background Image:**
The background image shows a house, likely the player's current location. The layout of the menu is simple and intuitive, with clear labels for each option.

Overall, the image provides a glimpse into the game's user interface and navigation system."
./screenshots_output\screenshot_0011.png,"The image shows a screenshot of the Pokémon game ""Pokémon Red."" At the bottom of the screen, there is an arrow pointing to the right with the text ""ARROW_UP"" written next to it.

This indicates that moving in this direction will move the player's character one space in the corresponding direction. The text suggests that pressing the up arrow key on a game controller or keyboard will execute this action, allowing players to navigate through the game world."
./screenshots_output\screenshot_0012.png,"The image shows a scene from Pokemon Red, where a trainer is interacting with an NPC named Professor Oak in his lab.

Professor Oak's house has a sign above its door that reads ""P.O."" and displays the Trainer Card of a female protagonist. 

In the bottom-left corner of the screen, three buttons are visible: **ARROW_UP**, **ARROW_DOWN**, and **BUTTON_B**. The **ARROW_UP** button is highlighted in yellow to indicate it's currently selected.

This suggests that the player can navigate through Professor Oak's house by moving up or down using these arrow keys."
./screenshots_output\screenshot_0013.png,"The image depicts a screenshot from Pokémon Red, showcasing the game's user interface and navigation system.

In this screenshot, there are three buttons displayed at the bottom of the screen: ""BUTTON_B,"" ""ARROW_RIGHT,"" and ""ARROW_DOWN."" These buttons are likely used to control movement or interact with other elements in the game. The text at the top of the image is not visible, but it appears to be a title or heading that provides context for the buttons below.

Overall, this screenshot suggests that the player will need to use these buttons to navigate and interact with their surroundings in the game."
./screenshots_output\screenshot_0014.png,"In this image, we see a series of buttons from Pokémon Red.

The top row consists of three buttons:
* ""B"" button
* Up arrow
* Down arrow
The bottom row consists of two buttons:
* Left arrow
* Right arrow

These buttons are likely used to navigate through the menu system."
./screenshots_output\screenshot_0015.png,"The image appears to be a screenshot from the original Pokémon Red game for Game Boy, featuring a trainer's house and its surroundings.

In this scene, the player is likely exploring the Indigo Plateau area, as indicated by the background tiles. The arrow pointing down suggests that the player has entered the house, where they can interact with NPCs or access specific areas of interest. This screenshot illustrates the game's pixelated graphics style, which was characteristic of early Pokémon games.

The image provides a glimpse into the gameplay and exploration mechanics of Pokémon Red, showcasing the player's ability to navigate through different environments and interact with various elements within the game world."
./screenshots_output\screenshot_0016.png,"The image depicts a section of a map in Pokémon Red, showcasing a room within the Lavender Town Pokémon Center.

In this area, the player is surrounded by several objects, including:
• A Poke Ball
• A few items on the left side of the screen
• An arrow pointing to the right and up

These elements are likely part of the game's environment or navigation system. The image is presented in grayscale, with a subtle grid pattern visible throughout.

Overall, this screenshot provides insight into the game's map design and layout features."
./screenshots_output\screenshot_0017.png,"The image depicts a pixelated map, showcasing the layout of Route 7 in the Kanto region from Pokémon Red.

In the top-left corner, Trainer School is visible, with two trainers and their Pokémon available for battle. The route extends to the bottom-right, featuring various locations such as the exit to Viridian City, a staircase leading to the north, and a building containing an item.

The map also highlights the location of wild Pokémon that can be encountered along the route, including Rattata, Spearow, and Pidgey.

In summary, this image provides a detailed view of Route 7 in Pokémon Red, highlighting key locations, trainers, and wild Pokémon."
./screenshots_output\screenshot_0018.png,"The screenshot shows the start of a Pokémon battle in Pokémon Red, with a Trainer on the left and an opponent on the right. The arrow at the top indicates that it is the player's turn to act, while the ""ARROW_DOWN"" text suggests that movement down is allowed. This implies that the player can move their Pokémon around the battlefield before making their next action. Overall, this image captures the early stages of a Pokémon battle in Pokémon Red."
./screenshots_output\screenshot_0019.png,"The image appears to be a screenshot of the Pokémon Red game, showcasing an in-game battle scene featuring the character Pikachu.

In this scene, Pikachu is situated on the left side of the screen and is engaged in combat with two other characters positioned at the top right. The text ""ARROW_DOWN"" is displayed at the bottom of the image, likely serving as a command prompt or instruction for gameplay navigation.

The background of the screenshot features a pixelated design reminiscent of the classic Game Boy graphics that were characteristic of Pokémon Red and other games from the same era."
./screenshots_output\screenshot_0020.png,"The image shows a screenshot of the in-game map screen for Route 1 from Pokémon Red, with a highlighted path leading to Route 2. The player's current location is indicated by a ""P"" symbol, while the destination location on Route 2 has an arrow pointing towards it.

In this scene, the player must navigate their Pokémon through the route to reach the next area. The map screen provides a visual representation of the route, allowing players to plan their journey and avoid obstacles or wild Pokémon encounters. By following the highlighted path, players can successfully traverse the route and progress through the game.

Overall, the image captures a typical moment in gameplay where the player must use navigation skills to reach new areas and continue advancing through the story."
